0.000,0.000
3.107,0.000
2.352,0.000
0.000,0.000
0.000,0.000
0.336,0.000
0.000,0.000
0.000,0.000
0.000,0.000
0.000,0.000
0.000,0.000
0.756,0.000
0.000,0.000
0.000,0.000
0.000,0.000
7.727,3.500
7.727,7.000
73.906,35.000
125.305,72.000
171.244,118.000
211.557,169.000
265.139,218.000
316.957,267.000
356.010,314.000
404.721,357.000
443.186,399.000
485.346,435.000
521.963,470.000
555.977,500.000
583.607,527.000
614.346,551.000
634.418,572.000
661.713,584.000
675.486,597.000
685.984,606.000
690.436,609.000
695.895,618.000
691.107,614.000
687.496,614.000
675.486,606.000
663.980,600.000
646.092,591.000
618.461,574.000
594.021,556.000
567.146,532.000
536.828,503.000
496.096,470.000
453.180,441.000
412.447,406.000
373.563,365.000
333.502,320.000
279.248,271.000
236.332,217.000
184.766,161.000
137.902,104.000
86.252,53.000
29.814,19.000
11.254,2.000
1.848,0.000
0.000,0.000
0.000,0.000
0.756,0.000
0.756,0.000
0.000,0.000
2.436,0.000
0.924,0.000
0.420,0.000
0.000,0.000
0.000,0.000
0.000,0.000
1.134,0.000
2.268,0.000
0.084,0.000
0.000,0.000
0.000,0.000
0.000,0.000
0.000,0.000
0.000,0.000
0.588,0.000
1.176,0.000
0.000,0.000
0.000,0.000
0.210,0.000
0.420,0.000
0.420,0.000
1.092,0.000
0.546,0.000
0.000,0.000
0.000,0.000
0.000,0.000
0.000,0.000
0.000,0.000
0.000,0.000
0.000,0.000
0.000,0.000
0.336,0.000
0.672,0.000
0.000,0.000
0.336,0.000
1.932,0.000
17.385,6.000
73.906,31.000
126.900,67.000
170.740,113.000
219.367,164.000
274.377,215.000
312.842,266.000
362.980,315.000
405.645,359.000
450.912,400.000
485.094,435.000
526.162,468.000
553.541,499.000
594.357,526.000
617.705,549.000
641.641,568.000
661.125,582.000
669.859,597.000
689.008,611.000
689.260,613.000
685.648,621.000
695.811,620.000
687.328,620.000
677.082,617.000
668.768,605.000
637.021,581.000
617.537,571.000
606.871,562.000
570.842,541.000
546.990,514.000
511.633,483.000
469.305,450.000
420.594,413.000
381.961,372.000
345.848,329.000
288.150,279.000
239.188,225.000
192.996,170.000
144.705,113.000
91.207,56.000
27.883,21.000
9.742,2.000
4.199,0.000
2.100,0.000
0.000,0.000
0.588,0.000
0.000,0.000
0.000,0.000
0.000,0.000
0.000,0.000
0.000,0.000
0.000,0.000
0.336,0.000
0.000,0.000
0.000,0.000
0.000,0.000
2.352,0.000
0.000,0.000
0.000,0.000
0.000,0.000
0.000,0.000
0.000,0.000
0.000,0.000
0.000,0.000
0.000,0.000
2.520,0.000
0.000,0.000
0.000,0.000
0.000,0.000
0.000,0.000
0.000,0.000
0.000,0.000
0.000,0.000
0.000,0.000
0.000,0.000
0.000,0.000
0.000,0.000
0.000,0.000
0.000,0.000
0.000,0.000
0.000,0.000
0.000,0.000
0.000,0.000
6.635,0.000
13.521,6.000
76.006,32.000
134.627,68.000
175.023,114.000
221.719,165.000
273.369,216.000
316.117,266.000
364.492,314.000
407.156,358.000
451.080,399.000
488.033,435.000
518.184,469.000
557.992,499.000
592.594,523.000
622.828,547.000
643.320,570.000
665.828,587.000
684.977,600.000
693.711,608.000
693.459,613.000
700.766,621.000
698.834,624.000
694.887,623.000
686.404,616.000
675.570,608.000
659.025,599.000
606.787,550.000
627.615,574.000
583.020,545.000
546.654,521.000
516.084,490.000
466.701,455.000
428.068,421.000
384.816,378.000
341.984,333.000
291.090,283.000
243.639,229.000
202.318,174.000
139.498,112.000
99.270,65.000
31.914,23.000
7.811,4.000
1.932,0.000
0.000,0.000
0.924,0.000
0.000,0.000
0.000,0.000
0.084,0.000
0.042,0.000
0.000,0.000
0.000,0.000
0.000,0.000
1.596,0.000
2.520,0.000
1.008,0.000
0.000,0.000
0.000,0.000
0.000,0.000
0.000,0.000
0.000,0.000
0.000,0.000
0.000,0.000
0.000,0.000
0.000,0.000
0.000,0.000
0.000,0.000
0.000,0.000
0.420,0.000
0.000,0.000
2.436,0.000
0.000,0.000
0.000,0.000
0.000,0.000
0.000,0.000
0.000,0.000
1.512,0.000
3.947,0.000
0.000,0.000
1.848,0.000
0.000,0.000
0.000,0.000
0.000,0.000
4.619,0.000
9.238,7.000
71.219,28.000
125.137,62.000
172.084,109.000
222.559,164.000
263.123,220.000
323.172,277.000
373.814,329.000
425.465,375.000
473.420,422.000
514.740,465.000
558.076,502.000
597.381,539.000
628.959,567.000
661.545,595.000
695.895,618.000
728.900,635.000
750.064,655.000
764.006,668.000
778.451,677.000
795.164,694.000
801.799,708.000
794.324,712.000
797.096,713.000
801.547,710.000
787.605,705.000
773.076,697.000
759.891,686.000
735.367,669.000
705.553,649.000
677.250,625.000
642.564,603.000
604.100,569.000
565.635,537.000
513.984,503.000
474.344,458.000
429.496,415.000
376.838,368.000
324.684,315.000
275.049,257.000
224.406,199.000
177.207,142.000
124.633,91.000
33.510,46.000
31.746,15.000
3.779,0.000
0.084,0.000
1.680,0.000
1.092,0.000
1.008,0.000
0.000,0.000
0.000,0.000
0.168,0.000
0.000,0.000
1.176,0.000
2.352,0.000
0.000,0.000
1.764,0.000
0.000,0.000
0.000,0.000
0.000,0.000
0.000,0.000
0.000,0.000
0.000,0.000
0.000,0.000
0.000,0.000
0.000,0.000
0.000,0.000
0.000,0.000
0.000,0.000
0.672,0.000
0.000,0.000
0.924,0.000
1.848,0.000
0.000,0.000
0.000,0.000
0.000,0.000
0.000,0.000
0.000,0.000
0.000,0.000
0.000,0.000
0.672,0.000
0.000,0.000
4.199,3.500
12.850,7.000
70.463,26.000
132.695,59.000
185.605,108.000
232.385,163.000
287.395,221.000
338.289,278.000
399.262,332.000
443.689,381.000
498.447,425.000
539.516,467.000
587.723,507.000
627.615,543.000
672.127,574.000
701.689,605.000
734.107,631.000
765.350,648.000
783.658,670.000
805.494,688.000
820.527,702.000
835.393,711.000
839.172,716.000
839.424,719.000
835.393,720.000
834.301,718.000
823.971,713.000
808.686,707.000
788.697,695.000
763.754,677.000
733.016,656.000
711.684,637.000
664.988,608.000
634.838,576.000
598.809,542.000
538.844,506.000
493.828,465.000
447.805,422.000
397.666,373.000
339.885,322.000
294.869,266.000
239.523,207.000
184.010,147.000
129.168,90.000
72.646,45.000
28.471,14.000
8.902,0.000
0.000,0.000
0.000,0.000
0.000,0.000
0.000,0.000
0.000,0.000
0.000,0.000
0.000,0.000
0.000,0.000
0.000,0.000
0.000,0.000
0.000,0.000
0.420,0.000
0.420,0.000
0.672,0.000
2.939,0.000
0.168,0.000
2.855,0.000
0.000,0.000
1.428,0.000
0.000,0.000
2.352,0.000
0.000,0.000
0.000,0.000
0.000,0.000
1.344,0.000
0.000,0.000
0.000,0.000
0.000,0.000
0.000,0.000
0.000,0.000
0.000,0.000
0.000,0.000
0.000,0.000
0.000,0.000
0.000,0.000
0.000,0.000
1.764,0.000
3.863,0.000
20.660,8.000
77.938,28.000
133.283,61.000
183.590,109.000
232.637,164.000
293.105,221.000
343.244,276.000
394.895,329.000
449.232,379.000
499.539,425.000
550.350,467.000
598.977,503.000
634.838,536.000
678.258,566.000
714.791,593.000
740.994,617.000
763.670,641.000
788.865,657.000
811.289,674.000
830.605,685.000
837.072,693.000
840.516,702.000
850.258,709.000
839.760,710.000
836.064,709.000
832.873,704.000
808.686,698.000
788.109,682.000
771.732,669.000
716.303,627.000
690.688,608.000
670.615,595.000
578.736,525.000
613.254,552.000
569.162,512.000
504.998,462.000
412.951,390.000
363.652,336.000
301.756,278.000
248.006,226.000
266.230,230.000
200.807,160.000
119.174,85.000
83.900,51.000
32.418,13.000
3.947,6.500
0.000,0.000
1.428,0.000
0.952,0.000
0.476,0.000
0.000,0.000
0.000,0.000
0.000,0.000
0.000,0.000
0.000,0.000
0.000,0.000
0.000,0.000
0.000,0.000
1.428,0.000
0.000,0.000
0.000,0.000
0.000,0.000
0.000,0.000
0.000,0.000
0.000,0.000
1.428,0.000
0.000,0.000
2.771,0.000
0.000,0.000
0.000,0.000
0.000,0.000
0.000,0.000
0.000,0.000
0.000,0.000
0.000,0.000
3.023,0.000
0.000,0.000
0.084,0.000
0.000,0.000
4.787,0.000
0.000,0.000
1.680,0.000
1.344,0.000
4.115,0.000
5.207,0.000
20.156,11.000
61.141,32.000
131.100,71.000
187.621,119.000
240.951,175.000
296.885,232.000
355.254,290.000
407.996,347.000
459.898,401.000
515.412,455.000
565.047,503.000
603.848,543.000
643.908,579.000
682.289,613.000
721.510,641.000
751.912,663.000
775.764,685.000
806.082,710.000
817.168,719.000
835.477,737.000
845.303,744.000
852.189,741.000
853.197,740.000
850.846,744.000
846.982,739.000
827.750,728.000
817.168,728.000
794.240,722.000
771.145,702.000
743.346,682.000
708.828,659.000
678.678,633.000
635.678,604.000
592.594,568.000
545.982,529.000
498.615,487.000
458.807,441.000
404.385,391.000
346.855,339.000
300.076,281.000
241.287,218.000
192.156,158.000
135.551,103.000
81.717,57.000
35.105,22.000
10.750,3.000
0.000,0.000
0.000,0.000
0.000,0.000
0.000,0.000
0.000,0.000
0.000,0.000
0.000,0.000
0.000,0.000
1.764,0.000
0.000,0.000
0.000,0.000
0.840,0.000
0.840,0.000
0.000,0.000
0.000,0.000
0.000,0.000
0.000,0.000
0.000,0.000
0.000,0.000
0.000,0.000
0.000,0.000
0.000,0.000
0.000,0.000
0.000,0.000
0.000,0.000
0.000,0.000
2.184,0.000
0.000,0.000
0.000,0.000
0.000,0.000
1.512,0.000
0.000,0.000
0.000,0.000
0.000,0.000
0.252,0.000
0.000,0.000
5.417,0.000
10.834,2.000
30.570,15.000
94.818,39.000
144.453,76.000
195.432,125.000
249.182,180.000
302.932,237.000
355.506,293.000
411.020,345.000
462.586,394.000
513.480,442.000
560.176,488.000
609.811,528.000
647.352,560.000
686.908,591.000
717.563,616.000
755.691,641.000
778.871,664.000
799.783,682.000
815.908,696.000
834.889,710.000
843.287,722.000
848.410,727.000
850.846,735.000
850.846,735.000
842.363,732.000
828.842,724.000
819.520,718.000
798.020,698.000
773.748,680.000
738.811,661.000
713.615,636.000
681.617,608.000
643.152,585.000
604.520,552.000
556.732,514.000
511.969,475.000
465.273,432.000
406.232,383.000
359.789,332.000
303.771,277.000
250.609,217.000
192.240,158.000
145.713,103.000
85.748,56.000
38.045,21.000
13.354,2.000
0.000,0.000
0.000,0.000
0.000,0.000
0.000,0.000
0.000,0.000
0.000,0.000
0.000,0.000
0.000,0.000
0.000,0.000
0.000,0.000
0.000,0.000
0.000,0.000
0.000,0.000
0.000,0.000
0.000,0.000
0.000,0.000
0.000,0.000
0.000,0.000
0.000,0.000
0.000,0.000
0.504,0.000
0.000,0.000
0.000,0.000
0.000,0.000
0.000,0.000
1.260,0.000
0.630,0.000
0.000,0.000
1.848,0.000
1.512,0.000
1.008,0.000
0.504,0.000
0.000,0.000
0.000,0.000
0.840,0.000
0.000,0.000
0.588,0.000
8.650,3.000
46.191,16.000
94.230,39.000
150.584,77.000
202.486,128.000
259.260,182.000
304.863,237.000
367.768,290.000
414.631,343.000
465.609,391.000
518.184,434.000
565.719,477.000
615.102,515.000
655.918,549.000
691.779,575.000
726.549,597.000
755.859,622.000
786.850,638.000
809.945,662.000
826.994,677.000
839.928,699.000
846.479,706.000
863.779,713.000
872.178,711.000
873.521,727.000
862.771,721.000
849.754,708.000
836.904,693.000
816.748,681.000
784.330,671.000
762.830,661.000
732.344,642.000
697.658,615.000
650.123,582.000
607.039,550.000
564.711,516.000
517.176,474.000
472.244,433.000
417.570,387.000
363.064,335.000
312.926,281.000
253.381,220.000
200.135,163.000
153.943,108.000
89.779,60.000
42.496,22.000
11.590,2.000
0.000,0.000
0.000,0.000
0.000,0.000
0.000,0.000
0.000,0.000
0.000,0.000
2.771,0.000
0.000,0.000
0.000,0.000
0.000,0.000
0.000,0.000
0.000,0.000
0.000,0.000
0.000,0.000
0.000,0.000
0.000,0.000
0.000,0.000
0.000,0.000
0.000,0.000
0.000,0.000
0.000,0.000
0.000,0.000
0.000,0.000
0.000,0.000
0.000,0.000
0.000,0.000
0.000,0.000
0.000,0.000
0.000,0.000
6.971,0.000
3.486,0.000
0.000,0.000
0.000,0.000
0.000,0.000
0.000,0.000
2.939,0.000
0.000,0.000
0.000,0.000
0.000,0.000
11.170,3.000
24.439,14.000
104.141,32.000
146.721,59.000
197.363,104.000
247.838,160.000
305.619,215.000
355.506,269.000
414.127,322.000
475.016,370.000
530.193,413.000
594.021,463.000
641.893,510.000
680.693,545.000
710.256,565.000
754.096,597.000
783.742,629.000
826.322,647.000
861.596,671.000
877.637,697.000
906.527,717.000
926.180,729.000
931.975,745.000
951.123,761.000
957.506,763.000
963.133,763.000
963.301,766.000
959.438,761.000
943.732,763.000
936.594,756.000
922.568,739.000
901.404,728.000
875.453,712.000
852.273,694.000
817.420,676.000
780.467,653.000
740.322,623.000
705.049,591.000
649.871,556.000
609.475,521.000
551.777,481.000
501.387,435.000
453.432,388.000
398.926,336.000
343.160,285.000
288.990,232.000
237.844,179.000
181.994,124.000
129.084,75.000
70.883,35.000
25.195,11.000
0.000,0.000
0.000,0.000
1.428,0.000
0.000,0.000
1.008,0.000
0.000,0.000
0.000,0.000
0.000,0.000
0.000,0.000
0.000,0.000
0.000,0.000
0.000,0.000
0.000,0.000
0.000,0.000
0.336,0.000
0.000,0.000
0.000,0.000
0.504,0.000
0.000,0.000
0.000,0.000
0.000,0.000
0.000,0.000
0.000,0.000
1.512,0.000
0.000,0.000
0.000,0.000
0.000,0.000
0.000,0.000
2.352,0.000
0.000,0.000
0.000,0.000
0.000,0.000
0.000,0.000
10.918,4.000
19.736,12.000
99.521,27.000
137.146,52.000
194.424,101.000
259.764,161.000
317.209,220.000
373.395,272.000
417.486,324.000
477.619,371.000
530.445,416.000
580.080,456.000
624.928,496.000
669.775,534.000
716.891,569.000
761.234,598.000
795.080,622.000
836.988,643.000
865.039,664.000
887.211,683.000
908.963,705.000
931.387,718.000
947.176,726.000
959.773,736.000
961.873,745.000
961.957,756.000
957.002,758.000
964.813,759.000
954.902,753.000
946.924,746.000
924.248,733.000
905.100,722.000
872.850,704.000
849.082,686.000
818.176,666.000
785.926,643.000
742.086,614.000
703.537,583.000
657.598,550.000
612.834,513.000
557.740,473.000
509.197,432.000
457.631,383.000
393.131,330.000
345.008,280.000
284.371,228.000
229.361,173.000
181.658,123.000
131.184,75.000
79.785,37.000
31.746,12.000
4.283,0.000
1.764,0.000
0.000,0.000
0.000,0.000
0.000,0.000
0.000,0.000
0.000,0.000
0.000,0.000
0.000,0.000
0.000,0.000
0.000,0.000
0.000,0.000
0.000,0.000
0.000,0.000
0.000,0.000
0.000,0.000
0.000,0.000
0.000,0.000
0.000,0.000
0.000,0.000
0.420,0.000
0.000,0.000
0.000,0.000
0.000,0.000
0.000,0.000
0.000,0.000
0.000,0.000
0.000,0.000
1.680,0.000
0.000,0.000
0.000,0.000
0.042,0.000
0.084,0.000
10.834,4.000
17.049,13.000
114.135,29.000
164.105,57.000
212.816,106.000
261.863,165.000
313.094,220.000
377.594,269.000
426.221,319.000
477.703,368.000
529.605,411.000
588.562,450.000
637.189,486.000
679.014,521.000
715.799,556.000
765.182,586.000
802.387,616.000
837.744,642.000
868.146,662.000
892.670,684.000
921.813,700.000
938.189,715.000
956.162,723.000
965.820,735.000
974.303,743.000
978.586,747.000
987.404,754.000
977.242,753.000
970.523,749.000
959.521,739.000
940.877,722.000
919.293,714.000
900.480,699.000
857.984,681.000
829.682,660.000
796.928,637.000
759.135,614.000
711.768,584.000
669.439,550.000
622.324,514.000
573.193,477.000
518.604,433.000
462.334,384.000
411.691,332.000
351.979,281.000
293.861,230.000
236.920,178.000
185.857,126.000
131.016,77.000
82.053,38.000
33.174,12.000
6.467,0.000
0.168,0.000
0.000,0.000
0.000,0.000
0.000,0.000
0.000,0.000
0.000,0.000
0.000,0.000
1.680,0.000
0.000,0.000
0.000,0.000
1.428,0.000
0.000,0.000
0.000,0.000
0.000,0.000
3.107,0.000
0.000,0.000
0.000,0.000
0.462,0.000
0.924,0.000
0.000,0.000
0.000,0.000
0.000,0.000
0.000,0.000
0.000,0.000
0.000,0.000
2.855,0.000
2.477,0.000
2.100,0.000
1.722,0.000
1.344,0.000
0.000,0.000
6.887,2.000
13.354,4.000
19.400,11.000
37.121,27.000
59.713,45.000
84.320,65.000
96.498,78.000
146.133,119.000
185.605,150.000
209.121,168.000
239.523,194.000
210.885,167.000
667.424,497.000
677.670,508.000
712.859,531.000
736.039,554.000
770.893,581.000
821.955,622.000
860.420,646.000
887.883,667.000
914.422,694.000
942.473,709.000
965.820,729.000
989.756,737.000
1004.621,737.000
1011.172,745.000
1015.623,759.000
1013.271,760.000
1016.967,768.000
1009.324,769.000
1002.186,764.000
990.344,752.000
975.143,741.000
966.072,729.000
942.641,715.000
904.848,702.000
883.348,682.000
838.668,653.000
809.105,631.000
764.342,601.000
724.281,571.000
674.646,538.000
621.232,500.000
572.941,454.000
513.900,410.000
461.998,363.000
405.309,316.000
348.619,267.000
290.838,214.000
235.408,166.000
179.727,118.000
134.879,74.000
82.305,39.000
28.135,17.000
12.598,3.000
6.299,0.000
0.000,0.000
0.000,0.000
0.000,0.000
0.000,0.000
4.535,0.000
0.000,0.000
0.000,0.000
0.420,0.000
0.000,0.000
0.000,0.000
2.939,0.000
0.000,0.000
0.000,0.000
0.000,0.000
0.168,0.000
1.764,0.000
0.000,0.000
0.000,0.000
0.000,0.000
0.000,0.000
1.008,0.000
0.000,0.000
0.042,0.000
0.084,0.000
0.000,0.000
0.000,0.000
0.000,0.000
3.947,0.000
6.971,0.000
15.705,10.000
40.229,27.000
52.910,44.000
81.549,60.000
116.738,96.000
170.656,142.000
137.146,120.000
179.643,138.000
430.336,308.000
477.535,352.000
533.385,395.000
582.264,435.000
635.342,473.000
678.762,508.000
719.998,540.000
759.303,570.000
799.279,599.000
834.889,627.000
867.223,650.000
891.830,668.000
912.994,689.000
940.457,703.000
950.367,712.000
966.072,721.000
980.014,734.000
983.205,739.000
984.549,739.000
989.924,741.000
978.838,742.000
980.014,742.000
962.713,735.000
950.871,724.000
933.486,713.000
910.643,695.000
882.676,673.000
856.725,657.000
814.816,635.000
772.320,607.000
733.604,580.000
681.029,550.000
643.656,520.000
599.648,485.000
545.227,444.000
494.836,400.000
441.674,352.000
384.648,301.000
343.748,254.000
281.012,207.000
225.498,159.000
178.299,115.000
137.230,73.000
90.871,38.000
28.135,17.000
11.506,4.000
7.727,0.000
0.924,0.000
1.008,0.000
0.000,0.000
0.756,0.000
0.000,0.000
0.588,0.000
0.000,0.000
0.000,0.000
0.000,0.000
0.000,0.000
0.000,0.000
0.000,0.000
0.168,0.000
0.336,0.000
0.000,0.000
0.000,0.000
2.604,0.000
3.234,0.000
3.863,0.000
0.000,0.000
2.436,0.000
0.000,0.000
0.000,0.000
0.000,0.000
3.611,0.000
0.000,0.000
0.000,0.000
0.000,0.000
7.979,0.500
9.322,1.000
11.338,7.000
29.227,13.000
33.426,24.000
58.453,41.000
61.561,47.000
107.668,85.000
141.346,115.000
164.777,136.000
157.723,126.000
156.547,128.000
183.254,147.000
200.303,165.000
407.660,336.000
627.531,512.000
761.570,587.000
802.975,607.000
841.020,632.000
879.484,667.000
899.893,682.000
931.555,702.000
944.488,710.000
976.822,728.000
961.453,723.000
986.229,731.000
994.039,743.000
986.984,745.000
987.404,744.000
980.854,746.000
984.465,751.000
966.072,744.000
949.191,733.000
934.326,722.000
909.551,703.000
876.041,687.000
847.570,665.000
815.824,643.000
779.375,619.000
741.918,594.000
695.979,565.000
653.650,525.000
599.396,492.000
557.068,455.000
238.684,195.000
186.277,147.000
233.896,193.000
193.668,158.000
133.703,106.000
68.279,50.000
40.229,28.000
20.324,16.000
13.689,5.000
10.330,0.000
0.084,0.000
0.336,0.000
2.100,0.000
0.000,0.000
0.000,0.000
0.000,0.000
1.092,0.000
0.000,0.000
2.939,0.000
0.000,0.000
0.000,0.000
0.000,0.000
0.000,0.000
0.000,0.000
0.000,0.000
0.000,0.000
0.000,0.000
0.000,0.000
0.000,0.000
0.126,0.000
0.000,0.000
0.000,0.000
0.000,0.000
0.000,0.000
0.000,0.000
0.000,0.000
0.000,0.000
0.000,0.000
3.863,0.000
1.932,0.000
0.000,0.000
3.443,0.000
14.109,3.000
14.529,9.000
27.379,21.000
49.215,32.000
58.537,45.000
81.465,61.000
133.535,106.000
240.531,183.000
211.725,162.000
678.510,422.000
574.537,382.000
593.854,423.000
647.520,465.000
684.221,496.000
729.992,530.000
758.043,557.000
799.195,588.000
845.051,617.000
866.635,641.000
895.693,665.000
922.736,678.000
941.129,696.000
967.248,710.000
979.762,715.000
986.564,722.000
992.779,731.000
992.863,733.000
997.398,737.000
997.230,733.000
999.078,734.000
975.227,730.000
969.096,722.000
948.100,709.000
925.256,701.000
906.527,686.000
880.492,663.000
844.883,641.000
808.938,620.000
770.473,599.000
727.053,571.000
680.189,534.000
635.510,501.000
589.234,462.000
539.768,420.000
496.600,381.000
436.719,333.000
398.170,298.000
314.521,252.000
106.912,87.000
179.475,120.000
88.771,68.000
65.592,48.000
50.139,34.000
28.555,17.000
14.445,2.000
3.107,0.000
2.520,0.000
0.672,0.000
0.000,0.000
0.000,0.000
2.604,0.000
1.260,0.000
1.680,0.000
0.000,0.000
0.294,0.000
0.588,0.000
0.588,0.000
2.016,0.000
0.000,0.000
0.000,0.000
0.000,0.000
0.000,0.000
0.000,0.000
3.527,0.000
0.000,0.000
0.000,0.000
0.000,0.000
0.000,0.000
0.000,0.000
1.764,0.000
1.512,0.000
3.527,0.000
0.000,0.000
5.459,0.000
12.346,3.000
22.256,12.000
49.383,35.000
54.002,43.000
66.012,49.000
76.342,58.000
101.285,78.000
150.416,120.000
398.086,263.000
591.838,412.000
535.736,380.000
581.676,419.000
636.266,459.000
681.785,495.000
723.189,523.000
764.678,564.000
799.699,593.000
838.836,618.000
872.094,639.000
899.977,659.000
922.904,674.000
947.680,695.000
960.193,710.000
974.723,721.000
980.854,729.000
985.557,737.000
989.336,737.000
992.947,731.000
992.611,735.000
987.992,735.000
974.303,730.000
964.477,722.000
950.535,713.000
933.402,702.000
901.656,684.000
879.148,665.000
841.020,648.000
819.184,620.000
774.672,597.000
738.475,569.000
687.160,535.000
642.984,500.000
593.434,463.000
545.982,423.000
495.424,381.000
443.689,337.000
393.299,292.000
339.969,246.000
293.357,199.000
245.570,155.000
196.943,112.000
146.133,71.000
98.850,39.000
27.379,12.000
11.086,3.000
2.016,0.000
0.000,0.000
0.000,0.000
0.588,0.000
0.000,0.000
0.000,0.000
0.000,0.000
0.000,0.000
0.000,0.000
0.000,0.000
0.000,0.000
0.000,0.000
0.000,0.000
0.588,0.000
0.000,0.000
0.000,0.000
0.000,0.000
1.092,0.000
0.000,0.000
0.000,0.000
3.359,0.000
3.359,0.000
3.359,0.000
3.359,0.000
0.000,0.000
0.504,0.000
1.008,0.000
5.627,0.000
16.293,6.000
20.576,15.000
38.045,26.000
55.178,41.000
73.402,56.000
98.010,73.000
116.654,91.000
165.869,128.000
225.834,160.000
493.828,339.000
485.850,340.000
540.355,382.000
586.043,421.000
631.982,457.000
672.043,491.000
720.166,519.000
759.303,551.000
800.539,581.000
825.398,603.000
861.176,634.000
890.570,649.000
916.773,668.000
941.297,690.000
952.383,703.000
970.188,712.000
979.006,723.000
981.021,732.000
985.137,737.000
986.816,734.000
988.160,732.000
983.457,722.000
969.936,715.000
961.369,710.000
935.670,703.000
919.293,686.000
898.969,677.000
864.619,659.000
834.805,637.000
805.158,611.000
763.418,585.000
726.465,561.000
680.861,529.000
638.785,493.000
589.990,457.000
546.066,417.000
494.584,373.000
446.293,331.000
385.152,287.000
340.221,242.000
293.777,199.000
238.180,154.000
188.881,112.000
148.064,71.000
27.883,17.000
32.334,20.000
19.568,7.000
0.168,0.000
0.252,0.000
0.000,0.000
0.672,0.000
0.336,0.000
0.000,0.000
0.000,0.000
0.000,0.000
0.000,0.000
0.000,0.000
0.000,0.000
1.428,0.000
0.000,0.000
0.504,0.000
1.512,0.000
0.420,0.000
0.210,0.000
0.000,0.000
0.000,0.000
0.000,0.000
0.000,0.000
0.000,0.000
0.000,0.000
0.000,0.000
0.000,0.000
0.000,0.000
1.932,0.000
0.000,0.000
4.031,0.000
15.873,3.000
23.096,11.000
33.258,21.000
43.588,30.000
66.516,47.000
99.270,74.000
117.410,98.000
152.096,120.000
166.793,130.000
225.414,174.000
326.111,251.000
589.402,393.000
636.098,463.000
682.709,500.000
732.764,532.000
778.031,557.000
812.717,583.000
844.883,606.000
871.422,627.000
913.330,661.000
925.676,679.000
956.246,696.000
966.492,708.000
979.678,724.000
995.299,728.000
1005.125,741.000
1011.676,739.000
998.490,744.000
1010.248,739.000
1000.926,736.000
984.129,730.000
982.701,724.000
965.652,716.000
939.449,703.000
919.461,685.000
895.693,672.000
859.244,650.000
817.588,624.000
783.826,599.000
745.865,569.000
703.789,540.000
656.590,506.000
607.039,468.000
552.281,425.000
505.334,383.000
452.676,337.000
411.104,294.000
343.328,249.000
310.742,203.000
255.564,158.000
200.975,114.000
145.629,72.000
101.705,38.000
19.820,14.000
16.293,6.000
10.120,3.000
3.947,0.000
0.000,0.000
0.000,0.000
0.000,0.000
0.000,0.000
0.084,0.000
0.042,0.000
0.000,0.000
0.000,0.000
0.000,0.000
0.000,0.000
0.000,0.000
0.000,0.000
0.588,0.000
0.000,0.000
0.000,0.000
0.000,0.000
0.000,0.000
0.000,0.000
1.260,0.000
0.000,0.000
0.000,0.000
0.000,0.000
0.000,0.000
0.000,0.000
0.000,0.000
6.551,2.000
9.322,4.000
21.668,10.000
110.020,19.000
154.195,37.000
206.938,71.000
253.129,115.000
307.047,172.000
356.682,218.000
404.133,262.000
455.699,306.000
499.203,348.000
553.373,387.000
601.328,426.000
652.811,463.000
692.283,497.000
739.566,529.000
778.199,560.000
813.557,591.000
844.463,615.000
872.934,639.000
911.650,658.000
935.082,679.000
962.881,695.000
971.195,711.000
993.367,721.000
996.811,727.000
1001.682,737.000
1006.049,740.000
1012.936,740.000
1014.363,728.000
1004.201,728.000
994.627,725.000
984.129,717.000
962.377,704.000
943.816,696.000
925.172,680.000
897.457,665.000
865.039,643.000
827.834,620.000
782.902,597.000
743.430,565.000
700.850,536.000
657.850,502.000
603.260,463.000
556.984,421.000
509.869,379.000
455.615,337.000
406.652,292.000
355.086,247.000
298.984,201.000
251.869,155.000
204.418,113.000
149.744,72.000
107.248,38.000
15.369,14.000
7.895,3.000
2.604,0.000
0.000,0.000
0.000,0.000
0.000,0.000
0.000,0.000
0.000,0.000
0.000,0.000
0.000,0.000
0.000,0.000
0.000,0.000
0.000,0.000
0.000,0.000
0.000,0.000
0.000,0.000
0.000,0.000
0.252,0.000
0.000,0.000
0.000,0.000
0.000,0.000
0.000,0.000
0.294,0.000
0.000,0.000
0.000,0.000
0.000,0.000
0.000,0.000
0.000,0.000
0.588,0.000
0.000,0.000
8.734,0.000
19.820,11.000
35.693,26.000
51.986,35.000
77.434,57.000
189.469,135.000
285.883,150.000
344.924,200.000
384.564,247.000
441.590,291.000
489.965,334.000
544.219,378.000
592.174,416.000
637.777,455.000
683.129,488.000
728.396,519.000
764.594,545.000
801.127,574.000
835.225,601.000
868.230,627.000
887.127,650.000
913.750,665.000
941.465,684.000
952.635,697.000
967.080,709.000
972.287,715.000
982.533,724.000
987.656,728.000
991.268,728.000
991.016,723.000
981.525,720.000
979.678,715.000
957.674,709.000
938.609,697.000
925.256,688.000
899.137,667.000
869.826,649.000
842.363,632.000
809.525,610.000
773.076,582.000
721.006,553.000
677.166,526.000
636.686,491.000
590.830,455.000
545.479,412.000
492.736,371.000
442.010,327.000
394.895,283.000
340.725,239.000
292.350,194.000
237.340,150.000
190.225,109.000
141.178,69.000
98.934,38.000
16.209,15.000
17.973,4.000
1.260,2.000
3.863,0.000
0.000,0.000
0.000,0.000
0.000,0.000
0.000,0.000
0.000,0.000
0.000,0.000
0.000,0.000
0.000,0.000
0.336,0.000
0.000,0.000
0.000,0.000
2.855,0.000
1.428,0.000
0.000,0.000
0.000,0.000
0.000,0.000
0.084,0.000
3.779,0.000
0.000,0.000
0.000,0.000
4.115,0.000
0.000,0.000
0.000,0.000
0.000,0.000
0.000,0.000
0.000,0.000
0.588,0.000
9.574,5.000
18.980,14.000
36.029,25.000
60.217,46.000
67.523,50.000
97.002,77.000
106.492,88.000
160.662,130.000
237.928,188.000
308.811,200.000
535.652,379.000
581.760,410.000
622.576,449.000
670.363,484.000
719.578,516.000
757.455,551.000
793.400,580.000
831.025,607.000
863.275,632.000
887.043,651.000
921.057,668.000
932.311,684.000
951.375,695.000
964.309,704.000
979.762,715.000
978.250,717.000
986.984,728.000
990.932,727.000
979.426,727.000
979.594,722.000
967.164,716.000
955.910,705.000
942.809,696.000
920.805,684.000
890.318,672.000
866.719,654.000
832.873,630.000
802.471,605.000
762.494,580.000
718.486,556.000
675.402,526.000
630.639,489.000
589.486,454.000
534.393,414.000
490.637,370.000
438.734,326.000
395.566,284.000
344.336,239.000
278.828,191.000
233.813,149.000
193.668,109.000
142.186,68.000
99.102,37.000
23.768,14.000
10.078,3.000
0.000,0.000
0.000,0.000
0.000,0.000
2.352,0.000
0.084,0.000
0.000,0.000
0.000,0.000
0.000,0.000
0.000,0.000
0.000,0.000
0.000,0.000
0.000,0.000
0.000,0.000
0.000,0.000
0.000,0.000
2.604,0.000
0.000,0.000
0.420,0.000
0.252,0.000
0.000,0.000
0.000,0.000
0.000,0.000
0.000,0.000
0.840,0.000
2.100,0.000
2.576,0.000
3.051,0.000
3.527,0.000
0.000,0.000
17.889,5.000
23.516,14.000
27.547,20.000
46.359,35.000
66.684,43.000
79.029,60.000
97.674,77.000
140.170,107.000
209.289,159.000
277.904,209.000
579.576,467.000
507.098,388.000
626.859,452.000
685.229,492.000
733.436,523.000
766.525,550.000
814.648,577.000
849.334,606.000
876.881,633.000
904.512,653.000
924.080,678.000
953.979,692.000
964.309,704.000
987.824,717.000
993.115,726.000
999.918,732.000
1000.002,731.000
1005.209,732.000
1002.102,732.000
998.910,731.000
998.658,728.000
975.059,718.000
959.270,706.000
943.816,692.000
918.117,675.000
879.652,661.000
861.344,639.000
823.803,619.000
785.170,593.000
741.918,566.000
692.787,538.000
651.467,501.000
607.795,464.000
553.625,423.000
510.709,380.000
459.982,335.000
407.156,292.000
356.346,247.000
307.299,200.000
254.473,157.000
207.021,113.000
151.760,72.000
105.400,38.000
21.836,15.000
11.086,3.000
0.000,0.000
3.611,0.000
0.000,0.000
3.275,0.000
0.000,0.000
0.000,0.000
0.000,0.000
0.000,0.000
0.000,0.000
0.000,0.000
0.084,0.000
0.168,0.000
0.476,0.000
0.784,0.000
1.092,0.000
2.771,0.000
0.840,0.000
0.000,0.000
0.000,0.000
0.000,0.000
0.588,0.000
0.000,0.000
0.000,0.000
0.000,0.000
0.000,0.000
0.084,0.000
0.000,0.000
0.000,0.000
8.314,0.000
17.973,8.000
31.998,20.000
49.887,34.000
73.066,52.000
108.928,83.000
129.672,95.000
164.105,127.000
332.242,197.000
234.148,147.000
493.240,338.000
540.271,378.000
595.701,418.000
636.938,455.000
684.305,489.000
729.824,520.000
767.197,549.000
812.633,577.000
845.219,598.000
874.193,626.000
898.801,648.000
931.219,665.000
950.955,684.000
969.264,695.000
974.303,709.000
991.771,718.000
1002.354,719.000
1002.018,725.000
996.475,725.000
1000.506,725.000
995.887,724.000
978.586,715.000
974.387,708.000
949.191,699.000
934.914,682.000
904.680,671.000
880.744,656.000
843.791,632.000
805.914,609.000
765.770,587.000
729.908,556.000
679.350,526.000
634.502,490.000
588.562,454.000
549.258,414.000
499.959,371.000
440.414,327.000
392.375,283.000
343.328,238.000
289.830,193.000
242.295,150.000
195.180,109.000
139.498,70.000
102.545,38.000
24.020,15.000
13.605,3.000
5.375,0.000
3.947,0.000
0.000,0.000
0.000,0.000
0.000,0.000
0.000,0.000
0.000,0.000
0.000,0.000
3.191,0.000
0.000,0.000
0.000,0.000
0.000,0.000
0.000,0.000
0.000,0.000
0.000,0.000
0.000,0.000
1.344,0.000
0.000,0.000
2.268,0.000
0.000,0.000
0.000,0.000
0.168,0.000
0.000,0.000
0.000,0.000
0.000,0.000
0.000,0.000
0.000,0.000
0.000,0.000
3.695,0.000
16.377,6.000
24.691,15.000
48.039,34.000
68.615,53.000
99.857,76.000
156.547,116.000
185.270,131.000
230.537,169.000
384.900,208.000
485.010,333.000
532.293,370.000
574.033,409.000
623.836,445.000
670.867,479.000
707.904,517.000
744.018,549.000
786.430,576.000
819.016,602.000
853.785,627.000
881.248,647.000
903.504,667.000
921.393,673.000
946.756,694.000
966.828,708.000
973.631,715.000
985.893,723.000
974.891,726.000
983.709,724.000
978.502,722.000
971.363,718.000
964.393,715.000
959.438,704.000
947.764,699.000
926.852,691.000
896.617,680.000
877.049,663.000
845.807,642.000
807.006,620.000
769.213,594.000
735.283,571.000
687.244,537.000
650.375,502.000
648.191,422.000
559.840,431.000
510.205,386.000
444.865,337.000
396.406,290.000
161.922,113.000
349.879,235.000
72.059,47.000
67.271,48.000
65.172,43.000
45.855,30.000
21.668,12.000
7.979,3.000
1.176,0.000
3.275,0.000
0.000,0.000
4.535,0.000
0.000,0.000
1.512,0.000
0.000,0.000
0.000,0.000
0.000,0.000
0.000,0.000
2.436,0.000
0.000,0.000
0.000,0.000
0.504,0.000
1.260,0.000
0.000,0.000
2.016,0.000
0.000,0.000
0.000,0.000
0.000,0.000
0.000,0.000
0.000,0.000
1.176,0.000
0.000,0.000
2.939,0.000
1.428,0.000
0.000,0.000
0.000,0.000
0.000,0.000
1.596,0.000
0.000,0.000
12.430,4.000
26.875,13.000
87.764,28.000
134.207,52.000
178.971,90.000
231.797,142.000
277.316,192.000
333.502,239.000
380.113,287.000
424.373,334.000
477.199,377.000
522.299,419.000
571.010,458.000
616.277,496.000
654.658,529.000
690.352,564.000
732.176,594.000
767.113,620.000
794.912,638.000
815.740,658.000
843.959,675.000
852.021,691.000
875.369,706.000
890.570,717.000
891.914,723.000
901.740,730.000
898.633,730.000
895.357,726.000
886.035,725.000
878.141,719.000
868.986,713.000
849.082,697.000
818.008,680.000
799.867,666.000
770.809,647.000
733.436,625.000
692.535,595.000
663.225,571.000
625.936,539.000
585.203,505.000
523.811,461.000
483.834,423.000
431.008,376.000
379.021,328.000
335.182,279.000
286.387,231.000
230.537,181.000
188.881,135.000
139.414,89.000
91.207,50.000
53.078,21.000
15.453,5.000
0.756,0.000
0.000,0.000
1.428,0.000
0.714,0.000
0.000,0.000
0.672,0.000
1.344,0.000
0.000,0.000
1.512,0.000
3.947,0.000
0.000,0.000
0.000,0.000
0.000,0.000
1.596,0.000
0.000,0.000
2.604,0.000
0.000,0.000
0.000,0.000
0.000,0.000
0.000,0.000
0.084,0.000
0.000,0.000
0.000,0.000
1.260,0.000
0.000,0.000
0.000,0.000
0.924,0.000
0.000,0.000
0.336,0.000
0.000,0.000
0.000,0.000
0.504,0.000
8.986,4.000
32.082,18.000
49.131,34.000
72.730,56.000
119.846,94.000
285.967,196.000
262.619,187.000
320.400,235.000
365.752,284.000
417.570,331.000
469.557,375.000
515.244,417.000
565.971,455.000
611.574,494.000
656.254,527.000
692.115,555.000
725.625,586.000
752.752,610.000
783.742,632.000
806.334,656.000
837.576,681.000
866.551,698.000
873.270,711.000
886.455,722.000
892.418,727.000
890.738,732.000
899.389,730.000
891.074,726.000
890.150,727.000
879.484,720.000
868.734,709.000
845.807,700.000
821.619,682.000
790.797,668.000
768.373,645.000
743.346,625.000
700.178,601.000
655.666,573.000
615.102,542.000
566.559,507.000
528.934,468.000
474.512,424.000
425.885,380.000
379.357,331.000
321.996,281.000
278.576,231.000
225.498,180.000
179.643,132.000
128.580,86.000
81.129,49.000
34.014,21.000
13.186,5.000
0.084,0.000
0.000,0.000
0.000,0.000
0.000,0.000
0.000,0.000
0.000,0.000
0.084,0.000
0.000,0.000
0.000,0.000
0.000,0.000
0.000,0.000
0.000,0.000
2.939,0.000
0.000,0.000
0.000,0.000
0.000,0.000
0.000,0.000
0.000,0.000
0.000,0.000
0.504,0.000
0.000,0.000
0.000,0.000
0.000,0.000
0.000,0.000
0.336,0.000
0.000,0.000
0.000,0.000
0.000,0.000
0.000,0.000
2.688,0.000
0.000,0.000
3.234,0.000
6.467,0.000
19.064,8.000
27.883,18.000
38.465,34.000
52.826,43.000
60.805,53.000
75.754,60.000
94.902,80.000
111.783,99.000
151.340,127.000
173.512,152.000
227.346,198.000
294.197,258.000
542.539,442.000
507.938,439.000
679.602,554.000
709.668,579.000
751.324,605.000
782.482,624.000
798.271,639.000
825.566,672.000
838.752,690.000
848.662,701.000
853.953,705.000
872.514,719.000
873.270,727.000
878.896,730.000
869.742,720.000
880.660,729.000
860.000,715.000
860.588,715.000
837.324,683.000
812.465,684.000
786.934,667.000
749.645,644.000
725.877,621.000
681.617,596.000
651.215,567.000
606.787,531.000
554.549,497.000
519.527,458.000
460.402,414.000
411.104,368.000
357.773,321.000
317.797,273.000
267.574,222.000
218.695,175.000
168.641,126.000
126.564,82.000
80.793,44.000
34.938,18.000
12.598,3.000
0.000,0.000
1.428,0.000
0.000,0.000
0.504,0.000
0.000,0.000
0.000,0.000
1.680,0.000
3.359,0.000
0.000,0.000
1.596,0.000
0.000,0.000
2.688,0.000
0.000,0.000
0.000,0.000
0.000,0.000
0.000,0.000
0.000,0.000
2.520,0.000
0.000,0.000
0.000,0.000
2.184,0.000
0.000,0.000
0.000,0.000
0.000,0.000
0.000,0.000
0.000,0.000
0.588,0.000
0.000,0.000
0.000,0.000
0.000,0.000
0.000,0.000
1.554,0.000
3.107,0.000
1.596,0.000
14.613,4.000
57.949,15.000
116.822,36.000
159.570,70.000
204.166,124.000
255.480,176.000
295.961,221.000
360.797,273.000
402.537,323.000
447.637,369.000
501.975,409.000
544.975,447.000
593.182,485.000
643.404,519.000
685.313,548.000
723.441,577.000
756.195,603.000
780.551,625.000
812.297,644.000
837.072,660.000
863.275,673.000
875.453,684.000
887.127,694.000
896.869,698.000
888.051,695.000
879.820,695.000
877.217,692.000
872.262,689.000
862.520,672.000
850.426,664.000
821.115,653.000
802.555,639.000
758.463,613.000
714.287,593.000
678.342,573.000
635.930,542.000
600.824,512.000
548.838,477.000
498.447,435.000
449.988,395.000
405.813,350.000
353.238,299.000
303.604,247.000
248.006,198.000
201.395,145.000
147.645,95.000
101.117,52.000
45.939,20.000
7.643,2.000
1.176,0.000
0.000,0.000
0.000,0.000
1.680,0.000
0.000,0.000
0.000,0.000
0.504,0.000
0.000,0.000
1.008,0.000
0.000,0.000
3.947,0.000
2.016,0.000
1.176,0.000
0.000,0.000
0.000,0.000
0.000,0.000
0.000,0.000
2.771,0.000
0.000,0.000
2.436,0.000
0.000,0.000
0.672,0.000
0.504,0.000
0.000,0.000
0.000,0.000
0.000,0.000
0.000,0.000
0.504,0.000
3.023,0.000
0.000,0.000
0.000,0.000
0.000,0.000
0.000,0.000
0.000,0.000
0.000,1.500
7.811,3.000
52.826,13.000
109.600,33.000
151.508,64.000
204.670,111.000
244.646,161.000
312.842,210.000
363.484,259.000
407.744,307.000
462.250,354.000
515.748,398.000
553.625,440.000
606.031,476.000
642.313,507.000
682.457,537.000
720.670,565.000
757.455,589.000
768.121,609.000
807.846,623.000
839.676,640.000
844.547,659.000
865.123,672.000
867.895,685.000
881.164,695.000
886.287,701.000
886.623,695.000
874.697,689.000
868.063,682.000
852.693,674.000
826.574,662.000
812.549,653.000
788.865,637.000
757.539,621.000
719.158,598.000
678.426,572.000
644.664,541.000
601.748,510.000
553.877,474.000
510.289,439.000
454.020,394.000
405.729,347.000
354.834,296.000
297.809,245.000
250.861,193.000
189.217,141.000
146.973,92.000
99.102,49.000
42.748,18.000
8.902,1.000
2.100,0.000
0.000,0.000
0.000,0.000
0.000,0.000
0.000,0.000
0.000,0.000
0.252,0.000
0.000,0.000
4.955,0.000
0.000,0.000
0.000,0.000
0.000,0.000
0.000,0.000
0.588,0.000
0.252,0.000
0.000,0.000
1.428,0.000
0.000,0.000
3.863,0.000
0.000,0.000
0.000,0.000
0.000,0.000
0.000,0.000
0.000,0.000
0.000,0.000
0.000,0.000
0.000,0.000
0.000,0.000
0.000,0.000
0.000,0.000
2.352,0.000
0.000,0.000
0.000,0.000
0.000,0.000
0.000,0.000
13.857,3.000
27.211,18.000
33.342,23.000
49.383,37.000
86.840,71.000
104.980,88.000
163.854,141.000
353.154,273.000
389.939,309.000
443.102,360.000
478.963,403.000
536.408,445.000
576.805,483.000
620.309,518.000
662.217,546.000
699.002,573.000
733.016,598.000
762.158,619.000
783.826,640.000
808.434,659.000
833.209,675.000
843.623,680.000
856.725,692.000
862.268,696.000
863.611,703.000
860.420,703.000
855.381,698.000
842.111,693.000
835.980,687.000
816.916,681.000
799.531,665.000
766.609,646.000
741.666,627.000
703.957,606.000
669.607,578.000
629.799,547.000
578.484,512.000
542.371,474.000
491.813,434.000
445.957,392.000
390.191,345.000
338.793,296.000
283.951,243.000
234.316,189.000
182.750,138.000
132.275,88.000
83.313,46.000
38.213,17.000
3.359,2.000
2.310,0.000
1.260,0.000
2.184,0.000
0.000,0.000
0.000,0.000
0.000,0.000
0.000,0.000
0.504,0.000
2.352,0.000
2.184,0.000
0.000,0.000
0.000,0.000
0.000,0.000
0.000,0.000
0.000,0.000
1.512,0.000
0.000,0.000
0.000,0.000
0.000,0.000
0.000,0.000
0.000,0.000
1.596,0.000
0.000,0.000
2.604,0.000
0.000,0.000
0.000,0.000
0.924,0.000
0.000,0.000
0.000,0.000
0.000,0.000
0.000,0.000
0.000,0.000
0.000,0.000
0.000,0.000
0.000,0.000
2.268,0.000
17.469,11.000
37.793,29.000
61.309,53.000
81.633,68.000
97.926,82.000
141.262,120.000
184.010,187.000
392.039,313.000
431.932,356.000
481.566,400.000
527.758,441.000
565.551,478.000
618.629,513.000
660.789,542.000
695.307,571.000
730.328,601.000
748.133,628.000
785.674,649.000
806.922,666.000
824.139,677.000
831.697,687.000
844.799,701.000
842.867,702.000
854.541,705.000
844.547,708.000
844.379,702.000
832.621,700.000
824.223,695.000
808.014,682.000
782.734,669.000
755.691,650.000
722.434,627.000
693.879,602.000
656.002,580.000
620.645,549.000
578.820,518.000
537.332,483.000
486.521,441.000
435.963,396.000
387.084,345.000
335.350,295.000
285.379,243.000
228.354,190.000
178.719,136.000
132.023,86.000
80.121,44.000
32.670,15.000
5.375,0.000
3.527,0.000
0.000,0.000
0.000,0.000
0.000,0.000
0.000,0.000
3.359,0.000
0.000,0.000
0.588,0.000
0.000,0.000
1.596,0.000
3.191,0.000
2.436,0.000
2.268,0.000
0.000,0.000
0.000,0.000
0.000,0.000
0.000,0.000
0.000,0.000
0.000,0.000
0.000,0.000
0.000,0.000
0.000,0.000
2.394,0.000
4.787,0.000
0.000,0.000
2.352,0.000
0.000,0.000
0.000,0.000
2.520,0.000
0.000,0.000
0.000,0.000
0.000,0.000
0.000,0.000
0.336,0.000
0.000,0.000
3.107,0.000
2.436,0.000
14.613,11.000
40.480,29.000
49.047,40.000
63.660,50.000
83.229,70.000
120.434,107.000
153.020,135.000
179.979,157.000
280.928,256.000
691.527,537.000
565.131,468.000
608.803,508.000
647.436,544.000
692.703,573.000
717.479,597.000
745.697,626.000
778.199,649.000
797.096,670.000
812.297,686.000
829.178,697.000
840.600,706.000
845.387,708.000
844.211,714.000
844.799,711.000
841.859,709.000
824.811,701.000
819.352,692.000
799.867,683.000
780.467,668.000
746.705,645.000
720.838,625.000
681.281,602.000
654.406,577.000
615.018,548.000
567.482,514.000
523.811,477.000
478.291,436.000
427.061,389.000
378.014,340.000
328.379,290.000
278.408,238.000
227.346,186.000
175.275,132.000
121.105,82.000
63.072,39.000
16.965,9.000
8.734,0.000
0.000,0.000
1.092,0.000
0.000,0.000
0.000,0.000
0.000,0.000
0.000,0.000
1.932,0.000
0.000,0.000
0.000,0.000
0.252,0.000
2.352,0.000
0.924,0.000
1.680,0.000
0.000,0.000
1.176,0.000
0.000,0.000
0.000,0.000
0.000,0.000
0.000,0.000
0.924,0.000
0.000,0.000
1.344,0.000
0.336,0.000
0.336,0.000
0.000,0.000
0.000,0.000
0.084,0.000
0.168,0.000
0.000,0.000
0.084,0.000
0.000,0.000
3.527,0.000
6.131,0.000
0.000,0.000
5.375,0.000
12.682,3.000
42.412,17.000
78.525,46.000
71.219,61.000
83.480,74.000
110.439,100.000
123.457,106.000
183.506,162.000
190.561,169.000
231.713,353.000
456.287,383.000
520.955,437.000
561.855,475.000
603.848,507.000
654.658,541.000
686.992,570.000
705.721,596.000
746.201,622.000
774.756,644.000
793.568,659.000
809.525,677.000
827.330,686.000
834.553,695.000
846.143,700.000
844.463,710.000
849.418,717.000
837.744,708.000
832.453,706.000
815.824,696.000
798.607,680.000
778.451,666.000
742.506,644.000
715.043,625.000
671.203,601.000
640.465,577.000
603.680,545.000
553.205,508.000
518.604,470.000
459.730,424.000
419.922,381.000
369.783,333.000
318.973,282.000
271.605,229.000
216.008,177.000
168.137,124.000
122.113,77.000
65.256,37.000
24.943,11.000
6.299,0.000
2.855,0.000
0.504,0.000
1.428,0.000
1.134,0.000
0.840,0.000
0.000,0.000
0.000,0.000
0.000,0.000
3.359,0.000
2.239,0.000
1.120,0.000
0.000,0.000
0.756,0.000
0.000,0.000
1.596,0.000
0.000,0.000
0.210,0.000
0.420,0.000
0.000,0.000
0.000,0.000
0.000,0.000
1.512,0.000
2.688,0.000
0.000,0.000
0.000,0.000
0.000,0.000
0.000,0.000
0.000,0.000
0.000,0.000
1.092,0.000
0.000,0.000
0.000,0.000
0.000,0.000
1.428,0.000
0.672,0.000
6.803,0.000
23.264,15.000
57.613,43.000
74.494,62.000
99.186,83.000
130.092,112.000
230.537,195.000
328.463,257.000
376.838,302.000
417.318,346.000
474.092,389.000
518.268,431.000
563.031,466.000
605.275,501.000
648.527,533.000
680.441,561.000
705.973,583.000
738.643,609.000
761.234,633.000
780.047,652.000
808.434,665.000
814.564,672.000
833.377,680.000
828.758,688.000
841.439,697.000
836.148,695.000
837.240,690.000
820.779,684.000
810.281,681.000
786.934,666.000
761.486,653.000
742.674,631.000
705.217,613.000
675.654,589.000
633.998,562.000
598.389,527.000
554.381,495.000
511.717,457.000
465.105,418.000
418.998,374.000
363.904,325.000
318.889,277.000
260.604,218.000
207.105,167.000
160.410,117.000
113.211,71.000
67.188,36.000
24.775,11.000
2.520,0.000
0.000,0.000
0.672,0.000
1.344,0.000
2.016,0.000
0.000,0.000
0.252,0.000
0.504,0.000
0.000,0.000
0.000,0.000
0.000,0.000
2.436,0.000
0.000,0.000
0.000,0.000
0.000,0.000
3.107,0.000
0.000,0.000
0.000,0.000
2.016,0.000
0.000,0.000
0.336,0.000
0.672,0.000
1.260,0.000
0.000,0.000
0.000,0.000
0.000,0.000
0.084,0.000
0.000,0.000
0.000,0.000
0.000,0.000
0.000,0.000
0.000,0.000
0.000,0.000
0.000,0.000
0.000,0.000
0.000,0.000
1.428,0.000
3.527,3.500
13.605,7.000
70.967,25.000
114.891,54.000
160.746,96.000
208.029,143.000
257.832,186.000
304.611,232.000
352.398,281.000
409.424,327.000
450.156,369.000
500.295,409.000
535.316,447.000
580.080,481.000
613.002,512.000
660.033,540.000
681.785,566.000
713.111,591.000
740.070,611.000
758.547,628.000
769.045,640.000
784.330,652.000
798.607,658.000
801.967,662.000
800.791,665.000
801.547,661.000
794.324,655.000
775.428,647.000
766.945,638.000
747.797,627.000
720.838,614.000
692.619,598.000
663.729,573.000
625.264,550.000
592.510,522.000
548.670,492.000
510.037,457.000
462.922,419.000
417.318,380.000
363.652,334.000
317.881,284.000
272.613,231.000
213.824,177.000
167.801,127.000
119.594,79.000
64.080,40.000
27.211,11.000
9.826,0.000
0.840,0.000
0.000,0.000
0.000,0.000
0.000,0.000
0.000,0.000
0.000,0.000
0.000,0.000
0.000,0.000
3.779,0.000
0.000,0.000
2.688,0.000
1.344,0.000
0.000,0.000
0.840,0.000
0.840,0.000
1.092,0.000
0.000,0.000
0.000,0.000
0.000,0.000
0.588,0.000
0.882,0.000
1.176,0.000
0.000,0.000
0.000,0.000
0.000,0.000
0.000,0.000
0.000,0.000
0.000,0.000
0.000,0.000
0.000,0.000
0.000,0.000
0.000,0.000
1.344,0.000
0.000,0.000
0.000,0.000
0.000,0.000
4.619,3.500
12.262,7.000
78.021,24.000
122.869,53.000
165.617,97.000
216.764,147.000
259.092,194.000
312.758,241.000
361.469,286.000
412.111,331.000
453.432,372.000
505.166,412.000
541.951,448.000
585.371,482.000
625.600,513.000
658.438,539.000
686.152,562.000
718.738,590.000
742.842,614.000
761.990,631.000
778.535,646.000
794.408,661.000
797.600,666.000
803.227,666.000
810.281,668.000
803.395,665.000
798.104,663.000
781.811,653.000
766.525,648.000
744.773,635.000
722.014,616.000
692.703,595.000
663.309,573.000
631.479,548.000
592.426,519.000
543.211,487.000
500.379,449.000
458.723,412.000
412.447,370.000
359.201,322.000
309.566,275.000
264.299,223.000
212.480,169.000
164.021,119.000
109.600,74.000
63.576,36.000
11.002,4.000
0.000,2.000
0.756,0.000
7.055,0.000
0.000,0.000
6.467,0.000
0.000,0.000
0.000,0.000
0.000,0.000
0.000,0.000
0.000,0.000
0.000,0.000
0.336,0.000
0.084,0.000
0.000,0.000
2.939,0.000
2.100,0.000
1.260,0.000
0.000,0.000
0.000,0.000
0.000,0.000
0.000,0.000
0.000,0.000
0.000,0.000
0.000,0.000
0.924,0.000
0.000,0.000
0.336,0.000
0.000,0.000
0.000,0.000
0.000,0.000
0.000,0.000
0.000,0.000
0.000,0.000
0.084,0.000
0.000,0.000
0.000,0.000
0.000,0.000
2.939,3.500
11.254,7.000
67.775,25.000
117.410,54.000
160.494,98.000
210.885,143.000
252.961,190.000
309.902,234.000
361.721,280.000
400.773,324.000
447.553,366.000
497.188,406.000
534.980,437.000
568.994,470.000
616.613,501.000
651.635,528.000
673.051,554.000
702.361,574.000
729.320,595.000
746.789,608.000
764.006,620.000
778.283,631.000
789.201,639.000
794.324,646.000
801.379,646.000
795.836,643.000
785.674,642.000
775.764,644.000
753.928,635.000
736.039,621.000
711.096,604.000
681.365,585.000
652.643,565.000
622.240,540.000
581.928,511.000
542.035,479.000
502.311,443.000
454.943,405.000
402.789,363.000
362.477,318.000
305.871,269.000
258.756,218.000
207.693,165.000
160.746,116.000
119.258,72.000
65.676,35.000
16.629,9.000
0.588,4.500
0.000,0.000
0.588,0.000
3.023,0.000
2.688,0.000
1.008,0.000
0.000,0.000
0.000,0.000
0.672,0.000
0.000,0.000
1.428,0.000
0.000,0.000
0.000,0.000
0.000,0.000
0.672,0.000
2.771,0.000
0.000,0.000
0.000,0.000
0.000,0.000
3.695,0.000
0.000,0.000
0.000,0.000
0.000,0.000
1.680,0.000
0.420,0.000
0.000,0.000
0.000,0.000
0.000,0.000
0.588,0.000
0.000,0.000
0.000,0.000
0.000,0.000
0.000,0.000
0.000,0.000
0.000,0.000
0.000,0.000
3.275,0.000
0.000,0.000
11.086,6.000
63.156,22.000
116.654,51.000
158.311,93.000
202.402,141.000
252.373,190.000
300.412,236.000
352.398,282.000
395.650,328.000
445.873,370.000
484.758,409.000
527.086,445.000
571.682,480.000
613.590,511.000
650.123,541.000
680.945,568.000
712.188,589.000
732.176,605.000
759.639,620.000
767.701,627.000
779.207,645.000
790.377,654.000
790.713,661.000
800.287,663.000
797.936,663.000
784.246,658.000
771.564,649.000
755.691,644.000
738.139,634.000
709.164,618.000
695.559,608.000
662.889,579.000
618.461,549.000
577.561,519.000
538.508,489.000
501.555,458.000
462.250,416.000
403.041,372.000
359.117,329.000
303.436,278.000
256.068,220.000
203.578,163.000
162.006,118.000
110.439,70.000
61.477,32.000
11.674,1.000
4.451,0.000
1.092,0.000
0.000,0.000
2.184,0.000
0.000,0.000
0.000,0.000
0.000,0.000
0.000,0.000
0.000,0.000
0.000,0.000
0.000,0.000
1.008,0.000
2.016,0.000
0.000,0.000
0.000,0.000
0.000,0.000
0.000,0.000
0.000,0.000
2.352,0.000
1.176,0.000
0.000,0.000
0.000,0.000
0.000,0.000
0.000,0.000
0.588,0.000
0.000,0.000
1.512,0.000
0.000,0.000
0.000,0.000
3.107,0.000
0.000,0.000
0.000,0.000
0.000,0.000
0.000,0.000
0.000,0.000
0.000,0.000
0.000,0.000
0.000,0.000
0.000,0.000
6.257,0.000
12.514,4.000
63.996,24.000
118.922,59.000
165.029,103.000
198.203,154.000
239.104,206.000
293.525,256.000
337.449,303.000
377.342,346.000
419.250,387.000
460.654,425.000
502.395,460.000
535.148,495.000
566.391,525.000
603.764,549.000
630.051,572.000
654.154,592.000
675.066,607.000
691.611,623.000
699.170,637.000
706.896,644.000
711.096,650.000
712.523,650.000
702.613,646.000
701.354,639.000
679.266,635.000
670.531,622.000
641.977,607.000
619.217,587.000
595.533,563.000
567.146,536.000
531.705,511.000
495.760,477.000
449.988,442.000
410.516,404.000
361.553,362.000
311.330,311.000
260.688,257.000
212.145,201.000
165.113,142.000
118.586,90.000
19.820,41.000
24.943,12.000
7.055,0.000
4.367,0.000
0.504,0.000
0.672,0.000
0.000,0.000
0.504,0.000
0.000,0.000
0.168,0.000
0.000,0.000
0.000,0.000
0.000,0.000
0.336,0.000
0.000,0.000
1.848,0.000
0.000,0.000
1.176,0.000
0.000,0.000
0.000,0.000
0.000,0.000
0.000,0.000
3.779,0.000
0.000,0.000
0.000,0.000
0.000,0.000
0.000,0.000
0.000,0.000
0.000,0.000
0.672,0.000
0.336,0.000
0.168,0.000
0.000,0.000
0.000,0.000
3.359,0.000
0.588,0.000
1.008,0.000
0.000,0.000
0.000,0.000
0.000,0.000
0.924,0.000
0.504,0.000
0.084,0.000
12.430,3.000
56.438,19.000
115.059,50.000
161.754,92.000
208.785,142.000
253.549,193.000
296.129,244.000
351.139,294.000
396.742,342.000
438.734,387.000
485.514,428.000
529.270,466.000
561.855,501.000
596.625,532.000
632.990,555.000
652.727,576.000
677.250,591.000
695.055,604.000
708.156,612.000
708.744,619.000
721.762,629.000
728.480,637.000
725.037,635.000
720.082,633.000
707.988,630.000
694.383,622.000
671.707,610.000
645.756,595.000
626.355,579.000
603.428,555.000
568.238,530.000
524.650,498.000
490.217,464.000
449.988,427.000
398.506,386.000
357.857,341.000
305.283,297.000
260.436,245.000
213.824,189.000
163.014,134.000
119.174,85.000
30.150,39.000
15.537,11.000
3.695,0.000
5.627,0.000
2.939,0.000
0.000,0.000
2.520,0.000
0.000,0.000
0.000,0.000
0.000,0.000
2.520,0.000
0.000,0.000
0.000,0.000
0.000,0.000
0.000,0.000
0.000,0.000
0.924,0.000
0.462,0.000
0.000,0.000
0.000,0.000
0.000,0.000
0.000,0.000
1.176,0.000
3.611,0.000
0.000,0.000
0.000,0.000
0.000,0.000
0.756,0.000
0.000,0.000
0.000,0.000
0.000,0.000
0.000,0.000
2.436,0.000
0.000,0.000
0.000,0.000
0.000,0.000
0.000,0.000
0.000,0.000
0.000,0.000
2.016,0.000
0.000,0.000
0.252,0.000
0.504,0.000
4.199,2.000
40.229,17.000
115.563,49.000
162.846,91.000
204.082,142.000
256.824,195.000
306.459,246.000
355.506,296.000
398.590,342.000
444.613,385.000
485.010,424.000
516.420,459.000
556.480,490.000
594.609,517.000
623.500,541.000
651.047,564.000
674.143,583.000
699.170,597.000
711.516,607.000
723.357,617.000
724.281,621.000
728.984,625.000
730.328,630.000
723.525,630.000
710.928,626.000
701.186,620.000
683.129,608.000
663.225,593.000
638.701,576.000
607.879,556.000
569.666,533.000
540.523,500.000
500.547,468.000
455.195,434.000
414.295,394.000
367.432,352.000
315.109,305.000
269.590,250.000
220.039,195.000
168.641,138.000
117.242,85.000
20.156,37.000
13.773,9.000
7.895,4.500
0.000,0.000
1.540,0.000
3.079,0.000
4.619,0.000
0.000,0.000
0.000,0.000
0.000,0.000
0.000,0.000
0.168,0.000
0.112,0.000
0.056,0.000
0.000,0.000
0.000,0.000
0.000,0.000
0.000,0.000
0.000,0.000
0.000,0.000
0.672,0.000
5.711,0.000
2.856,0.000
0.000,0.000
0.000,0.000
1.260,0.000
0.000,0.000
0.084,0.000
0.420,0.000
0.000,0.000
0.000,0.000
0.000,0.000
0.000,0.000
0.000,0.000
0.000,0.000
0.000,0.000
0.000,0.000
0.882,0.000
1.764,0.000
1.848,0.000
0.924,0.000
0.000,0.000
4.787,0.000
5.795,2.000
35.189,17.000
110.691,48.000
162.678,89.000
209.457,140.000
250.693,192.000
299.068,243.000
351.139,292.000
391.871,339.000
435.123,382.000
487.613,422.000
525.574,459.000
561.939,492.000
591.670,520.000
622.492,543.000
641.893,562.000
670.531,584.000
692.451,596.000
700.262,609.000
720.838,620.000
722.938,626.000
734.275,633.000
723.777,635.000
718.402,630.000
710.508,620.000
696.314,608.000
673.303,597.000
652.811,583.000
640.381,570.000
603.176,550.000
566.307,523.000
539.096,496.000
496.516,466.000
449.904,427.000
407.660,385.000
355.758,342.000
306.459,296.000
265.727,242.000
216.260,189.000
166.373,131.000
106.744,77.000
19.988,33.000
13.354,8.000
5.039,4.000
3.947,0.000
4.367,0.000
4.199,0.000
1.932,0.000
3.695,0.000
0.000,0.000
0.000,0.000
0.000,0.000
0.000,0.000
0.000,0.000
0.000,0.000
0.000,0.000
0.000,0.000
0.000,0.000
0.000,0.000
0.000,0.000
0.000,0.000
0.000,0.000
0.000,0.000
0.000,0.000
1.008,0.000
0.000,0.000
2.352,0.000
0.000,0.000
0.840,0.000
0.000,0.000
1.554,0.000
0.000,0.000
0.000,0.000
0.000,0.000
0.000,0.000
0.000,0.000
0.000,0.000
1.428,0.000
0.000,0.000
1.176,0.000
0.000,0.000
0.000,0.000
0.672,0.000
1.344,0.000
5.963,2.000
22.508,15.000
92.047,40.000
137.398,79.000
192.408,128.000
238.684,179.000
285.043,231.000
328.043,280.000
376.334,327.000
423.533,370.000
462.670,409.000
500.127,442.000
533.469,475.000
561.771,505.000
599.229,532.000
630.135,554.000
645.252,572.000
671.035,584.000
684.221,602.000
705.133,612.000
699.758,617.000
701.689,617.000
703.453,620.000
701.186,616.000
680.357,607.000
674.730,599.000
650.879,587.000
634.334,578.000
607.543,562.000
585.875,537.000
547.158,511.000
511.129,483.000
478.039,452.000
430.252,416.000
384.648,374.000
342.404,331.000
295.709,286.000
243.807,232.000
204.754,178.000
149.240,123.000
104.980,72.000
29.143,30.000
10.834,7.000
4.619,0.000
0.000,0.000
0.000,0.000
0.000,0.000
0.000,0.000
2.352,0.000
0.000,0.000
0.000,0.000
0.000,0.000
1.428,0.000
0.000,0.000
0.336,0.000
2.604,0.000
0.000,0.000
0.000,0.000
0.000,0.000
0.000,0.000
3.695,0.000
0.000,0.000
3.779,0.000
0.000,0.000
0.000,0.000
1.764,0.000
0.882,0.000
0.000,0.000
0.000,0.000
0.000,0.000
0.000,0.000
0.000,0.000
0.000,0.000
4.451,0.000
0.000,0.000
0.000,0.000
0.000,0.000
0.000,0.000
0.000,0.000
0.000,0.000
0.000,0.000
0.000,0.000
0.000,0.000
2.352,1.000
4.703,2.000
18.057,17.000
86.252,44.000
127.488,84.000
166.205,132.000
217.771,187.000
261.527,235.000
306.627,281.000
353.154,329.000
396.910,368.000
447.889,408.000
484.338,443.000
522.047,474.000
552.701,503.000
593.937,531.000
610.146,550.000
631.898,574.000
657.850,592.000
671.455,604.000
684.977,615.000
687.076,627.000
692.619,630.000
694.635,627.000
694.215,624.000
676.410,620.000
671.119,612.000
655.414,599.000
631.143,584.000
602.756,567.000
577.141,546.000
543.379,521.000
506.678,490.000
473.924,466.000
430.084,426.000
384.984,387.000
341.984,343.000
291.678,291.000
240.783,235.000
196.523,181.000
145.965,125.000
95.658,70.000
30.822,29.000
10.918,5.000
4.703,0.000
0.000,0.000
0.000,0.000
0.000,0.000
0.000,0.000
0.000,0.000
0.000,0.000
0.084,0.000
1.848,0.000
2.100,0.000
0.000,0.000
0.168,0.000
0.840,0.000
0.000,0.000
1.680,0.000
2.855,0.000
0.420,0.000
0.000,0.000
0.000,0.000
0.000,0.000
0.000,0.000
0.000,0.000
0.000,0.000
0.000,0.000
0.924,0.000
1.176,0.000
0.000,0.000
0.084,0.000
0.000,0.000
0.672,0.000
0.336,0.000
0.000,0.000
0.000,0.000
0.000,0.000
0.000,0.000
0.000,0.000
0.000,0.000
0.000,0.000
0.000,0.000
0.000,0.000
0.588,0.000
1.008,0.000
1.008,0.000
16.125,12.000
67.523,40.000
118.250,77.000
159.822,122.000
209.037,173.000
245.906,219.000
287.646,262.000
335.350,309.000
385.824,350.000
418.326,387.000
458.219,423.000
497.271,456.000
532.293,489.000
564.627,514.000
581.844,539.000
609.895,558.000
635.258,572.000
652.139,584.000
656.002,594.000
658.438,600.000
668.516,606.000
659.613,608.000
653.398,603.000
647.855,603.000
641.053,595.000
619.805,580.000
590.662,564.000
564.291,542.000
544.303,524.000
507.938,496.000
471.656,464.000
435.459,427.000
391.955,392.000
355.002,349.000
299.992,302.000
260.436,252.000
208.953,202.000
165.197,149.000
82.851,0.000
0.504,0.000
0.000,0.000
0.588,0.000
1.176,0.000
0.000,0.000
0.000,0.000
2.100,0.000
0.000,0.000
0.000,0.000
1.092,0.000
0.000,0.000
0.000,0.000
0.000,0.000
0.000,0.000
0.000,0.000
3.779,0.000
0.000,0.000
0.000,0.000
0.000,0.000
0.000,0.000
0.000,0.000
0.000,0.000
0.756,0.000
0.000,0.000
0.000,0.000
0.000,0.000
0.000,0.000
0.084,0.000
0.000,0.000
0.000,0.000
0.000,0.000
0.504,0.000
0.000,0.000
4.199,0.000
0.000,0.000
0.000,0.000
0.000,0.000
0.000,0.000
0.000,0.000
5.123,0.000
4.955,0.000
8.986,9.000
74.242,36.000
123.289,75.000
175.443,124.000
216.428,175.000
264.047,225.000
306.879,270.000
348.367,314.000
398.254,357.000
443.605,399.000
477.367,433.000
514.740,463.000
551.021,488.000
580.752,510.000
605.191,531.000
635.090,548.000
653.398,561.000
668.684,576.000
680.441,584.000
685.480,588.000
693.123,592.000
686.488,601.000
679.854,600.000
671.035,594.000
660.621,582.000
637.525,568.000
612.162,550.000
594.357,534.000
563.703,512.000
528.682,486.000
495.760,458.000
454.607,428.000
419.418,396.000
377.426,356.000
334.090,313.000
283.867,266.000
235.660,212.000
185.438,160.000
144.705,106.000
89.107,56.000
29.059,20.000
10.498,3.000
4.031,0.000
0.168,0.000
0.000,0.000
3.359,0.000
0.000,0.000
0.000,0.000
0.000,0.000
0.000,0.000
2.436,0.000
1.932,0.000
0.000,0.000
0.000,0.000
1.092,0.000
1.764,0.000
0.000,0.000
0.000,0.000
0.000,0.000
0.420,0.000
1.218,0.000
2.016,0.000
0.000,0.000
0.336,0.000
0.000,0.000
0.000,0.000
0.000,0.000
0.000,0.000
0.000,0.000
0.000,0.000
0.000,0.000
0.000,0.000
1.092,0.000
1.092,0.000
0.000,0.000
0.000,0.000
1.260,0.000
0.000,0.000
0.000,0.000
2.100,0.000
4.031,0.000
2.016,0.000
0.000,0.000
9.154,0.000
11.254,6.000
72.982,30.000
124.633,65.000
172.336,109.000
219.115,157.000
264.467,206.000
309.314,255.000
351.979,300.000
400.102,343.000
443.102,381.000
478.963,415.000
510.877,447.000
547.914,475.000
578.148,497.000
602.840,518.000
626.104,537.000
645.504,553.000
663.561,566.000
671.203,576.000
676.998,581.000
680.693,582.000
679.518,586.000
670.531,582.000
668.516,577.000
649.787,569.000
632.906,562.000
613.590,547.000
585.791,532.000
560.428,512.000
526.750,484.000
491.477,456.000
447.553,424.000
406.148,388.000
366.760,350.000
318.973,307.000
274.293,260.000
229.949,207.000
178.887,155.000
134.123,103.000
85.412,52.000
21.248,20.000
10.498,2.000
6.089,0.000
1.680,0.000
0.000,0.000
0.000,0.000
0.420,0.000
0.000,0.000
0.504,0.000
0.000,0.000
0.000,0.000
1.596,0.000
1.680,0.000
0.000,0.000
0.000,0.000
0.000,0.000
0.000,0.000
0.000,0.000
0.000,0.000
0.000,0.000
1.512,0.000
0.000,0.000
0.000,0.000
0.000,0.000
0.504,0.000
0.000,0.000
1.344,0.000
1.176,0.000
0.000,0.000
0.000,0.000
0.924,0.000
0.000,0.000
0.000,0.000
0.000,0.000
0.000,0.000
0.000,0.000
0.000,0.000
0.000,0.000
0.000,0.000
0.000,0.000
1.512,0.000
0.672,0.000
0.000,0.000
2.184,0.000
12.598,6.000
74.410,29.000
118.670,63.000
160.158,105.000
208.029,154.000
251.449,202.000
301.420,250.000
343.496,295.000
389.604,338.000
430.756,379.000
471.572,415.000
501.975,444.000
534.980,474.000
560.932,499.000
593.350,522.000
605.611,541.000
625.852,561.000
640.045,578.000
657.514,585.000
667.844,593.000
666.500,594.000
661.881,596.000
658.438,595.000
646.008,589.000
641.893,584.000
621.064,568.000
602.588,553.000
581.928,529.000
550.434,509.000
513.984,483.000
482.826,457.000
440.666,421.000
398.338,388.000
365.164,349.000
316.201,305.000
272.025,259.000
224.238,205.000
179.223,153.000
130.680,99.000
81.381,49.000
19.988,18.000
5.459,1.000
5.165,0.000
4.871,0.000
1.092,0.000
1.428,0.000
0.000,0.000
0.000,0.000
0.840,0.000
1.680,0.000
0.000,0.000
0.756,0.000
2.604,0.000
0.000,0.000
1.680,0.000
0.000,0.000
0.000,0.000
0.000,0.000
0.840,0.000
0.000,0.000
0.000,0.000
2.268,0.000
0.000,0.000
0.000,0.000
0.252,0.000
0.000,0.000
0.000,0.000
0.000,0.000
0.000,0.000
0.000,0.000
0.000,0.000
0.000,0.000
0.000,0.000
0.000,0.000
0.000,0.000
0.000,0.000
0.000,0.000
0.000,0.000
0.000,0.000
0.000,0.000
0.000,0.000
0.000,0.000
0.000,0.000
2.436,0.000
0.000,0.000
8.398,5.000
76.090,31.000
123.121,69.000
162.006,115.000
204.082,165.000
246.746,217.000
289.578,266.000
342.152,310.000
376.670,353.000
423.701,392.000
455.279,428.000
487.949,462.000
522.047,495.000
549.678,522.000
581.340,546.000
602.756,569.000
624.004,583.000
633.410,598.000
639.289,609.000
651.467,615.000
653.482,621.000
653.398,623.000
646.260,622.000
637.105,613.000
628.455,602.000
608.299,589.000
589.318,575.000
564.459,559.000
536.996,538.000
500.799,512.000
464.602,479.000
433.779,445.000
397.078,407.000
351.643,365.000
305.031,320.000
255.816,268.000
217.268,210.000
162.846,154.000
126.061,95.000
76.090,42.000
25.111,14.000
5.627,0.000
0.000,0.000
0.000,0.000
0.000,0.000
0.000,0.000
0.000,0.000
0.000,0.000
0.252,0.000
0.000,0.000
0.000,0.000
0.000,0.000
1.792,0.000
3.583,0.000
5.375,0.000
1.344,0.000
0.000,0.000
2.855,0.000
1.428,0.000
0.000,0.000
0.000,0.000
0.000,0.000
0.084,0.000
0.672,0.000
0.000,0.000
0.000,0.000
0.000,0.000
0.588,0.000
0.000,0.000
2.939,0.000
0.000,0.000
0.000,0.000
0.420,0.000
0.000,0.000
0.000,0.000
0.000,0.000
0.000,0.000
0.000,0.000
0.000,0.000
0.000,0.000
0.000,0.000
0.000,0.000
0.000,0.000
0.000,0.000
5.123,0.000
59.293,23.000
117.242,57.000
157.471,101.000
206.350,152.000
244.730,205.000
292.602,256.000
339.213,305.000
384.229,351.000
422.357,392.000
461.158,431.000
495.088,465.000
531.285,494.000
564.123,520.000
586.463,543.000
608.803,563.000
629.631,582.000
639.541,595.000
650.123,606.000
662.973,611.000
659.109,616.000
663.225,617.000
645.168,612.000
643.824,615.000
628.875,608.000
609.055,595.000
588.562,580.000
571.010,560.000
533.805,536.000
501.723,510.000
471.068,480.000
437.475,443.000
392.795,405.000
355.674,363.000
306.963,318.000
262.451,266.000
217.520,209.000
174.939,154.000
133.283,94.000
77.602,40.000
20.072,13.000
3.863,0.000
0.000,0.000
0.000,0.000
0.336,0.000
0.000,0.000
0.000,0.000
0.336,0.000
0.000,0.000
0.000,0.000
0.000,0.000
0.000,0.000
0.000,0.000
0.000,0.000
0.000,0.000
0.000,0.000
1.092,0.000
0.546,0.000
0.000,0.000
1.512,0.000
3.359,0.000
0.504,0.000
0.000,0.000
0.000,0.000
0.000,0.000
0.000,0.000
0.000,0.000
0.000,0.000
0.000,0.000
0.000,0.000
0.000,0.000
0.000,0.000
0.000,0.000
0.000,0.000
0.000,0.000
0.000,0.000
0.000,0.000
0.000,0.000
0.000,0.000
0.000,0.000
1.428,0.000
2.855,0.000
0.000,0.000
0.168,0.000
6.719,0.000
50.139,21.000
114.807,56.000
159.066,100.000
202.570,151.000
249.266,203.000
298.145,253.000
344.000,302.000
380.617,347.000
428.572,388.000
469.053,425.000
498.531,457.000
534.896,488.000
557.572,512.000
588.143,535.000
611.658,554.000
633.410,568.000
646.260,579.000
652.307,592.000
657.430,600.000
661.209,606.000
660.621,605.000
656.254,608.000
652.055,603.000
633.074,590.000
618.461,575.000
601.664,561.000
573.445,541.000
548.754,521.000
506.678,495.000
479.467,466.000
443.102,435.000
401.529,398.000
358.613,358.000
312.086,311.000
263.879,260.000
221.635,204.000
171.748,149.000
130.680,91.000
73.990,39.000
13.857,12.000
6.467,0.000
2.520,0.000
0.000,0.000
0.000,0.000
0.000,0.000
0.000,0.000
0.000,0.000
0.000,0.000
0.000,0.000
0.000,0.000
0.000,0.000
0.000,0.000
3.023,0.000
0.000,0.000
0.000,0.000
6.047,0.000
4.199,0.000
2.436,0.000
2.939,0.000
0.000,0.000
2.436,0.000
0.000,0.000
0.000,0.000
0.000,0.000
0.000,0.000
0.000,0.000
0.000,0.000
0.000,0.000
0.000,0.000
0.000,0.000
0.000,0.000
0.000,0.000
1.428,0.000
0.000,0.000
2.016,0.000
0.000,0.000
0.168,0.000
0.588,0.000
0.000,0.000
0.000,0.000
0.000,0.000
0.000,0.000
0.000,0.000
0.000,0.000
0.000,0.000
2.184,0.000
0.000,1.000
17.133,11.000
94.063,35.000
138.910,76.000
189.049,126.000
237.928,178.000
293.861,231.000
344.252,284.000
394.055,334.000
434.955,380.000
485.850,420.000
531.201,455.000
572.605,489.000
607.879,520.000
647.268,547.000
674.814,572.000
714.791,592.000
730.580,611.000
752.920,626.000
766.777,643.000
786.430,655.000
792.645,665.000
789.957,671.000
790.881,675.000
788.025,670.000
773.916,668.000
769.129,662.000
752.500,650.000
730.076,634.000
706.561,617.000
666.836,599.000
633.326,572.000
600.992,550.000
555.389,516.000
518.520,481.000
472.244,443.000
428.824,402.000
379.357,357.000
327.287,305.000
276.225,248.000
230.033,190.000
171.412,134.000
117.998,84.000
41.236,38.000
19.820,9.000
6.551,0.000
0.000,0.000
3.107,0.000
0.000,0.000
0.000,0.000
0.000,0.000
0.000,0.000
3.275,0.000
1.596,0.000
0.924,0.000
0.588,0.000
0.000,0.000
0.000,0.000
0.000,0.000
0.000,0.000
0.000,0.000
0.000,0.000
0.126,0.000
0.252,0.000
0.000,0.000
0.000,0.000
0.000,0.000
0.672,0.000
0.000,0.000
2.771,0.000
0.000,0.000
0.000,0.000
2.604,0.000
1.302,0.000
0.000,0.000
1.176,0.000
3.107,0.000
0.000,0.000
0.000,0.000
0.000,0.000
0.000,0.000
0.000,0.000
0.840,0.000
0.504,0.000
5.879,0.000
16.545,9.000
91.375,32.000
148.652,70.000
191.316,118.000
245.738,172.000
293.609,227.000
347.359,279.000
395.482,328.000
442.178,374.000
484.674,416.000
531.705,455.000
576.133,489.000
609.727,523.000
651.383,552.000
680.525,576.000
711.264,598.000
735.031,616.000
751.072,630.000
781.139,646.000
788.277,655.000
794.408,656.000
801.463,666.000
801.295,665.000
803.730,671.000
790.041,669.000
781.895,661.000
763.670,652.000
740.490,638.000
707.064,621.000
683.549,600.000
647.688,575.000
611.826,548.000
570.674,519.000
522.551,483.000
476.611,446.000
434.535,405.000
378.266,357.000
332.914,307.000
276.057,250.000
225.582,190.000
176.787,133.000
127.992,82.000
34.182,35.000
12.766,7.000
1.512,0.000
0.000,0.000
0.000,0.000
0.000,0.000
0.000,0.000
0.000,0.000
1.512,0.000
1.428,0.000
0.000,0.000
0.378,0.000
0.756,0.000
0.000,0.000
0.000,0.000
0.000,0.000
0.000,0.000
0.000,0.000
0.000,0.000
0.000,0.000
0.000,0.000
0.840,0.000
0.000,0.000
0.000,0.000
0.000,0.000
0.000,0.000
0.168,0.000
0.000,0.000
0.000,0.000
0.000,0.000
0.000,0.000
0.000,0.000
0.000,0.000
0.000,0.000
0.000,0.000
0.000,0.000
0.000,0.000
0.000,0.000
0.000,0.000
0.000,0.000
0.000,0.000
4.955,0.000
11.254,9.000
86.000,31.000
138.826,67.000
187.117,114.000
238.684,168.000
288.318,222.000
338.121,274.000
391.535,325.000
439.154,370.000
481.818,413.000
527.506,452.000
569.498,487.000
611.658,520.000
645.252,548.000
677.922,572.000
704.209,592.000
730.748,610.000
746.873,627.000
762.494,642.000
778.787,657.000
792.057,664.000
792.141,672.000
790.629,672.000
784.246,671.000
780.971,667.000
761.066,659.000
749.309,649.000
723.357,636.000
697.994,618.000
664.820,597.000
634.166,572.000
598.977,544.000
555.389,509.000
514.152,475.000
463.594,437.000
417.570,393.000
371.043,348.000
321.324,295.000
269.086,240.000
218.611,183.000
162.258,125.000
111.363,75.000
45.352,30.000
10.414,5.000
2.688,0.000
0.000,0.000
1.092,0.000
0.000,0.000
0.000,0.000
5.123,0.000
0.000,0.000
0.000,0.000
0.000,0.000
0.000,0.000
0.000,0.000
0.000,0.000
0.000,0.000
1.008,0.000
0.000,0.000
0.126,0.000
0.252,0.000
0.084,0.000
0.056,0.000
0.028,0.000
0.000,0.000
0.000,0.000
1.848,0.000
0.000,0.000
0.000,0.000
1.596,0.000
0.000,0.000
0.000,0.000
0.000,0.000
0.000,0.000
0.000,0.000
0.000,0.000
0.000,0.000
0.000,0.000
0.000,0.000
0.000,0.000
0.000,0.000
0.000,0.000
0.000,0.000
0.000,0.000
7.307,0.000
56.773,24.000
98.094,58.000
147.896,100.000
178.215,146.000
224.322,194.000
264.887,241.000
311.918,285.000
347.023,323.000
385.404,358.000
415.051,389.000
442.850,417.000
484.086,444.000
507.266,468.000
531.033,486.000
543.715,503.000
554.549,518.000
570.422,529.000
580.668,537.000
589.486,542.000
582.348,544.000
581.256,543.000
574.957,538.000
557.572,531.000
539.432,514.000
519.863,499.000
494.752,481.000
466.281,457.000
437.979,431.000
403.713,403.000
366.676,368.000
215.252,332.000
230.453,287.000
113.883,240.000
125.977,190.000
152.852,137.000
100.781,80.000
66.684,33.000
12.178,10.000
3.947,0.000
2.016,0.000
0.000,0.000
1.428,0.000
0.000,0.000
0.000,0.000
0.000,0.000
0.000,0.000
0.000,0.000
0.000,0.000
0.000,0.000
2.100,0.000
0.000,0.000
0.000,0.000
0.000,0.000
0.000,0.000
0.000,0.000
0.000,0.000
0.000,0.000
0.000,0.000
0.000,0.000
0.000,0.000
0.000,0.000
0.000,0.000
1.848,0.000
0.000,0.000
0.000,0.000
1.302,0.000
2.604,0.000
0.000,0.000
0.000,0.000
0.000,0.000
0.000,0.000
0.000,0.000
0.000,0.000
0.000,0.000
0.000,0.000
3.611,0.000
0.000,0.000
0.000,0.000
0.000,0.000
0.000,0.000
0.000,0.000
0.000,0.000
2.436,0.000
6.383,0.000
49.215,19.000
91.879,49.000
143.193,90.000
186.025,136.000
231.209,185.000
266.146,232.000
311.666,277.000
350.383,318.000
389.688,356.000
421.350,390.000
454.188,420.000
483.750,446.000
513.145,471.000
532.461,490.000
551.357,507.000
571.514,520.000
582.684,530.000
590.578,537.000
598.809,540.000
591.250,543.000
582.852,541.000
585.959,537.000
561.352,529.000
555.137,518.000
531.285,501.000
508.189,481.000
481.230,459.000
448.477,433.000
414.799,403.000
377.846,370.000
222.055,334.000
190.141,291.000
160.074,244.000
98.346,195.000
161.418,141.000
120.602,86.000
63.912,35.000
8.146,12.000
1.596,0.000
0.000,0.000
0.588,0.000
0.000,0.000
0.000,0.000
0.000,0.000
0.000,0.000
0.000,0.000
0.000,0.000
0.000,0.000
0.000,0.000
0.000,0.000
0.000,0.000
1.428,0.000
0.714,0.000
0.000,0.000
0.000,0.000
0.000,0.000
0.000,0.000
0.924,0.000
0.420,0.000
0.000,0.000
0.084,0.000
0.000,0.000
0.252,0.000
0.000,0.000
0.000,0.000
0.000,0.000
0.000,0.000
0.000,0.000
0.000,0.000
0.000,0.000
0.000,0.000
0.973,0.000
1.946,0.000
0.730,0.000
2.108,0.000
2.676,0.000
0.000,0.000
0.000,0.000
2.027,0.000
0.324,0.000
0.405,0.000
0.000,0.000
0.000,0.000
0.568,0.000
9.245,0.000
24.004,16.000
108.666,48.000
156.673,91.000
189.435,141.000
228.765,193.000
263.230,239.000
293.559,280.000
334.106,326.000
365.571,368.000
401.414,406.000
435.068,441.000
473.425,469.000
500.430,491.000
525.569,514.000
544.545,529.000
551.762,538.000
572.360,550.000
576.333,561.000
580.712,562.000
585.821,566.000
581.767,564.000
572.360,555.000
558.493,543.000
546.329,531.000
506.187,504.000
495.726,496.000
470.506,475.000
437.339,446.000
402.225,415.000
192.192,381.000
159.917,344.000
115.234,301.000
158.457,254.000
142.563,206.000
119.857,151.000
131.453,95.000
77.282,43.000
20.355,15.000
7.380,1.000
0.487,0.000
0.000,0.000
1.946,0.000
0.324,0.000
0.649,0.000
2.352,0.000
0.000,0.000
1.622,0.000
0.000,0.000
1.135,0.000
2.108,0.000
0.000,0.000
0.000,0.000
1.298,0.000
0.324,0.000
0.162,0.000
0.892,0.000
0.487,0.000
0.405,0.000
1.541,0.000
0.000,0.000
0.405,0.000
0.000,0.000
0.324,0.000
0.000,0.000
0.730,0.000
0.000,0.000
0.000,0.000
0.000,0.000
0.487,0.000
0.000,0.000
0.000,0.000
0.000,0.000
0.000,0.000
0.000,0.000
1.784,0.000
3.811,0.000
0.000,0.000
0.568,0.000
0.000,0.000
3.892,0.000
0.811,0.000
2.027,0.000
0.892,0.000
11.921,0.000
16.705,19.000
93.501,54.000
143.130,95.000
175.730,142.000
220.899,190.000
253.580,235.000
296.154,280.000
337.593,321.000
375.464,361.000
412.362,396.000
443.340,429.000
474.561,458.000
504.403,482.000
533.921,506.000
549.897,522.000
563.602,534.000
572.197,547.000
589.470,555.000
588.660,557.000
584.280,557.000
579.820,557.000
567.737,556.000
561.412,546.000
543.247,532.000
525.650,518.000
504.971,499.000
480.156,477.000
446.502,453.000
415.119,423.000
328.997,390.000
121.235,351.000
116.045,309.000
157.565,261.000
119.127,211.000
137.292,154.000
131.129,97.000
55.711,32.000
22.058,12.000
8.109,0.000
0.324,0.000
1.946,0.000
1.622,0.000
1.703,0.000
0.000,0.000
2.271,0.000
3.082,0.000
0.162,0.000
3.082,0.000
0.000,0.000
1.379,0.000
2.108,0.000
0.162,0.000
1.784,0.000
1.865,0.000
0.162,0.000
0.649,0.000
0.000,0.000
0.405,0.000
0.000,0.000
3.000,0.000
0.973,0.000
0.000,0.000
0.000,0.000
1.784,0.000
1.216,0.000
0.000,0.000
2.757,0.000
0.162,0.000
2.190,0.000
0.000,0.000
0.162,0.000
0.081,0.000
1.865,0.000
0.000,0.000
0.000,0.000
0.000,0.000
2.514,0.000
0.000,0.000
0.000,0.000
0.568,0.000
0.000,0.000
2.352,0.000
5.271,0.000
22.950,18.000
79.877,52.000
142.806,95.000
176.298,142.000
226.333,192.000
259.500,241.000
303.291,287.000
342.540,329.000
378.870,366.000
416.416,402.000
452.584,432.000
479.102,458.000
502.051,482.000
529.948,502.000
553.222,520.000
565.223,533.000
570.495,546.000
583.632,556.000
593.120,560.000
587.767,558.000
589.633,560.000
578.685,554.000
568.143,546.000
548.032,535.000
531.245,520.000
507.890,501.000
478.129,474.000
444.232,447.000
419.092,421.000
349.190,387.000
92.447,350.000
90.014,309.000
112.153,261.000
103.962,211.000
137.292,156.000
126.912,99.000
85.959,45.000
16.705,16.000
9.407,1.000
1.298,0.000
5.109,0.000
0.730,0.000
2.676,0.000
0.487,0.000
1.135,0.000
2.514,0.000
2.027,0.000
2.027,0.000
0.000,0.000
0.324,0.000
1.379,0.000
3.568,0.000
0.000,0.000
2.190,0.000
0.000,0.000
0.405,0.000
0.000,0.000
1.216,0.000
0.000,0.000
0.000,0.000
0.000,0.000
0.000,0.000
1.622,0.000
0.000,0.000
0.162,0.000
1.865,0.000
1.379,0.000
0.000,0.000
